{"cameraMode":{"drawMode":0,"name":"Shaded","section":"Shading Mode"},"sceneLighting":true,"audioPlay":false,"sceneViewState":{"m_AlwaysRefresh":false,"showFog":true,"showSkybox":true,"showFlares":true,"showImageEffects":true,"showParticleSystems":true,"showVisualEffectGraphs":true,"m_FxEnabled":true},"in2DMode":false,"pivot":{"x":52.83301544189453,"y":0.0299999862909317,"z":42.81092071533203},"rotation":{"x":-0.012412423267960549,"y":0.9855101704597473,"z":-0.1474335640668869,"w":-0.08297774940729141},"size":13.434279441833496,"orthographic":true}