{"cameraMode":{"drawMode":0,"name":"Shaded","section":"Shading Mode"},"sceneLighting":true,"audioPlay":false,"sceneViewState":{"m_AlwaysRefresh":false,"showFog":true,"showSkybox":true,"showFlares":true,"showImageEffects":true,"showParticleSystems":true,"showVisualEffectGraphs":true,"m_FxEnabled":true},"in2DMode":false,"pivot":{"x":481.1648864746094,"y":227.77029418945313,"z":-15.747116088867188},"rotation":{"x":0.07001370936632157,"y":0.0047029415145516399,"z":-0.0003299544914625585,"w":0.9975379109382629},"size":191.99095153808595,"orthographic":true}