{"cameraMode":{"drawMode":0,"name":"Shaded","section":"Shading Mode"},"sceneLighting":true,"audioPlay":false,"sceneViewState":{"m_AlwaysRefresh":false,"showFog":true,"showSkybox":true,"showFlares":true,"showImageEffects":true,"showParticleSystems":true,"showVisualEffectGraphs":true,"m_FxEnabled":true},"in2DMode":false,"pivot":{"x":45.2404670715332,"y":3.308448553085327,"z":46.13529586791992},"rotation":{"x":0.016276342794299127,"y":0.9814478158950806,"z":-0.16472218930721284,"w":0.09696675091981888},"size":10.258400917053223,"orthographic":true}