{"cameraMode":{"drawMode":0,"name":"Shaded","section":"Shading Mode"},"sceneLighting":true,"audioPlay":false,"sceneViewState":{"m_AlwaysRefresh":false,"showFog":true,"showSkybox":true,"showFlares":true,"showImageEffects":true,"showParticleSystems":true,"showVisualEffectGraphs":true,"m_FxEnabled":true},"in2DMode":false,"pivot":{"x":2.485917091369629,"y":-1.336625099182129,"z":-5.285013675689697},"rotation":{"x":0.0029861952643841507,"y":-0.09585219621658325,"z":0.00028755859239026904,"w":0.9953911900520325},"size":268.0173034667969,"orthographic":true}